threshold	controller	opt_metric	config	energy_savings_pct	adequate_rate	ewq	mras	pareto	trmr	correct_rate	over_provision_rate	mean_miss_rate	pct_nano	pct_small	pct_medium	switches_per_100	n_solvable	n_total
0.3	AlwaysNano	none		65.6444	12.8021	0.118996	-0.787941	0.084039	-0.131285	12.8021	0.0	0.4479	100.0	0.0	0.0	0.0	1531	4236
0.3	AlwaysSmall	none		48.221	41.9334	0.164814	-0.385236	0.202207	0.105965	29.1313	12.8021	0.307689	0.0	100.0	0.0	0.0	1531	4236
0.3	AlwaysMedium	none		0.0	100.0	0.248322	-0.001306	0.0	-5e-06	58.0666	41.9334	0.225508	0.0	0.0	100.0	0.0	1531	4236
0.3	Oracle	none		22.4513	100.0	0.261611	0.224513	0.224513	0.155918	100.0	0.0	0.242095	12.8	29.13	58.07	12.72	1531	4236
0.3	DirectThreshold	binary	mn=0.08,ms=0.00	6.6883	98.8243	0.292379	0.048007	0.066097	0.017977	63.4226	35.4017	0.226082	5.49	6.4	88.11	3.42	1531	4236
0.3	DirectThreshold	ewq	mn=0.02,ms=0.00	6.9842	98.4324	0.29185	0.04436	0.068747	0.016915	64.2717	34.1607	0.22699	7.18	4.7	88.11	3.4	1531	4236
0.3	DirectThreshold	mras	mn=0.08,ms=0.00	6.6883	98.8243	0.292379	0.048007	0.066097	0.017977	63.4226	35.4017	0.226082	5.49	6.4	88.11	3.42	1531	4236
0.3	DirectThreshold	pareto	mn=0.00,ms=0.00	7.1549	98.3671	0.292307	0.044644	0.070381	0.017256	64.9249	33.4422	0.227073	8.16	3.72	88.11	3.26	1531	4236
0.3	DirectThreshold	trmr	mn=0.00,ms=0.00	7.1549	98.3671	0.292307	0.044644	0.070381	0.017256	64.9249	33.4422	0.227073	8.16	3.72	88.11	3.26	1531	4236
0.3	EnergyPenalty	binary	lu=10.0	8.7779	97.2567	0.292202	0.044416	0.085371	0.023618	65.774	31.4827	0.228771	8.62	6.47	84.91	4.04	1531	4236
0.3	EnergyPenalty	ewq	lu=10.0	8.7779	97.2567	0.292202	0.044416	0.085371	0.023618	65.774	31.4827	0.228771	8.62	6.47	84.91	4.04	1531	4236
0.3	EnergyPenalty	mras	lu=10.0	8.7779	97.2567	0.292202	0.044416	0.085371	0.023618	65.774	31.4827	0.228771	8.62	6.47	84.91	4.04	1531	4236
0.3	EnergyPenalty	pareto	lu=3.0	49.8879	41.2149	0.190043	-0.376254	0.205612	0.102823	36.708	4.5069	0.305597	9.93	89.94	0.13	4.15	1531	4236
0.3	EnergyPenalty	trmr	lu=3.0	49.8879	41.2149	0.190043	-0.376254	0.205612	0.102823	36.708	4.5069	0.305597	9.93	89.94	0.13	4.15	1531	4236
0.35	AlwaysNano	none		65.6444	12.6018	0.091416	-0.791258	0.082724	-0.115524	12.6018	0.0	0.492985	100.0	0.0	0.0	0.0	2333	4236
0.35	AlwaysSmall	none		48.221	47.0639	0.169944	-0.306226	0.226947	0.134612	34.4621	12.6018	0.345884	0.0	100.0	0.0	0.0	2333	4236
0.35	AlwaysMedium	none		0.0	100.0	0.257521	0.0	0.0	0.0	52.9361	47.0639	0.259868	0.0	0.0	100.0	0.0	2333	4236
0.35	Oracle	none		24.8903	100.0	0.242292	0.248903	0.248903	0.187078	100.0	0.0	0.286837	12.6	34.46	52.94	19.36	2333	4236
0.35	DirectThreshold	binary	mn=0.00,ms=0.00	6.5206	97.8997	0.285514	0.032731	0.063837	0.017911	58.6798	39.2199	0.263652	6.34	4.89	88.77	3.82	2333	4236
0.35	DirectThreshold	ewq	mn=0.08,ms=0.00	6.2219	98.0283	0.286771	0.032172	0.060992	0.016796	57.3939	40.6344	0.262806	4.63	6.6	88.77	3.99	2333	4236
0.35	DirectThreshold	mras	mn=0.00,ms=0.00	6.5206	97.8997	0.285514	0.032731	0.063837	0.017911	58.6798	39.2199	0.263652	6.34	4.89	88.77	3.82	2333	4236
0.35	DirectThreshold	pareto	mn=0.00,ms=0.00	6.5206	97.8997	0.285514	0.032731	0.063837	0.017911	58.6798	39.2199	0.263652	6.34	4.89	88.77	3.82	2333	4236
0.35	DirectThreshold	trmr	mn=0.00,ms=0.00	6.5206	97.8997	0.285514	0.032731	0.063837	0.017911	58.6798	39.2199	0.263652	6.34	4.89	88.77	3.82	2333	4236
0.35	EnergyPenalty	binary	lu=20.0	6.9713	97.5568	0.284438	0.032081	0.06801	0.019793	58.9799	38.5769	0.264557	6.56	5.53	87.91	3.8	2333	4236
0.35	EnergyPenalty	ewq	lu=20.0	6.9713	97.5568	0.284438	0.032081	0.06801	0.019793	58.9799	38.5769	0.264557	6.56	5.53	87.91	3.8	2333	4236
0.35	EnergyPenalty	mras	lu=20.0	6.9713	97.5568	0.284438	0.032081	0.06801	0.019793	58.9799	38.5769	0.264557	6.56	5.53	87.91	3.8	2333	4236
0.35	EnergyPenalty	pareto	lu=3.0	49.5349	46.5066	0.182872	-0.302652	0.23037	0.131992	40.0772	6.4295	0.346145	8.02	91.81	0.17	4.2	2333	4236
0.35	EnergyPenalty	trmr	lu=3.0	49.5349	46.5066	0.182872	-0.302652	0.23037	0.131992	40.0772	6.4295	0.346145	8.02	91.81	0.17	4.2	2333	4236
0.4	AlwaysNano	none		65.6444	15.4616	0.085577	-0.743887	0.101497	-0.077694	15.4616	0.0	0.525671	100.0	0.0	0.0	0.0	3098	4236
0.4	AlwaysSmall	none		48.221	54.9709	0.194611	-0.188086	0.265076	0.172736	39.5094	15.4616	0.375573	0.0	100.0	0.0	0.0	3098	4236
0.4	AlwaysMedium	none		0.0	100.0	0.279654	0.0	0.0	0.0	45.0291	54.9709	0.288139	0.0	0.0	100.0	0.0	3098	4236
0.4	Oracle	none		29.2015	100.0	0.241498	0.292015	0.292015	0.228407	100.0	0.0	0.328844	15.46	39.51	45.03	26.27	3098	4236
0.4	DirectThreshold	binary	mn=0.00,ms=0.02	6.0969	97.4822	0.299332	0.021991	0.059434	0.018128	49.419	48.0633	0.293329	5.42	5.26	89.32	3.75	3098	4236
0.4	DirectThreshold	ewq	mn=0.00,ms=0.02	6.0969	97.4822	0.299332	0.021991	0.059434	0.018128	49.419	48.0633	0.293329	5.42	5.26	89.32	3.75	3098	4236
0.4	DirectThreshold	mras	mn=0.00,ms=0.02	6.0969	97.4822	0.299332	0.021991	0.059434	0.018128	49.419	48.0633	0.293329	5.42	5.26	89.32	3.75	3098	4236
0.4	DirectThreshold	pareto	mn=0.00,ms=0.00	6.8441	96.643	0.296795	0.016545	0.066143	0.020083	49.193	47.45	0.295324	5.42	6.81	87.77	4.7	3098	4236
0.4	DirectThreshold	trmr	mn=0.00,ms=0.00	6.8441	96.643	0.296795	0.016545	0.066143	0.020083	49.193	47.45	0.295324	5.42	6.81	87.77	4.7	3098	4236
0.4	EnergyPenalty	binary	lu=20.0	8.3621	95.1259	0.291782	0.00907	0.079545	0.02547	48.9994	46.1265	0.298978	5.65	9.65	84.7	5.88	3098	4236
0.4	EnergyPenalty	ewq	lu=20.0	8.3621	95.1259	0.291782	0.00907	0.079545	0.02547	48.9994	46.1265	0.298978	5.65	9.65	84.7	5.88	3098	4236
0.4	EnergyPenalty	mras	lu=20.0	8.3621	95.1259	0.291782	0.00907	0.079545	0.02547	48.9994	46.1265	0.298978	5.65	9.65	84.7	5.88	3098	4236
0.4	EnergyPenalty	pareto	lu=3.0	49.8464	53.583	0.199248	-0.197325	0.267092	0.168025	43.8025	9.7805	0.37941	9.33	90.67	0.0	4.91	3098	4236
0.4	EnergyPenalty	trmr	lu=3.0	49.8464	53.583	0.199248	-0.197325	0.267092	0.168025	43.8025	9.7805	0.37941	9.33	90.67	0.0	4.91	3098	4236
0.5	AlwaysNano	none		65.6444	26.973	0.115254	-0.553207	0.177063	0.037364	26.973	0.0	0.559234	100.0	0.0	0.0	0.0	4004	4236
0.5	AlwaysSmall	none		48.221	77.8472	0.29967	0.152748	0.375387	0.26411	50.8741	26.973	0.412335	0.0	100.0	0.0	0.0	4004	4236
0.5	AlwaysMedium	none		0.0	100.0	0.354474	0.0	0.0	0.0	22.1528	77.8472	0.322763	0.0	0.0	100.0	0.0	4004	4236
0.5	Oracle	none		42.2383	100.0	0.277699	0.422383	0.422383	0.335122	100.0	0.0	0.404781	26.97	50.87	22.15	32.18	4004	4236
0.5	DirectThreshold	binary	mn=0.10,ms=0.00	33.3846	87.1379	0.332687	0.142113	0.290906	0.183725	45.1798	41.958	0.380841	4.22	63.49	32.29	17.61	4004	4236
0.5	DirectThreshold	ewq	mn=0.05,ms=0.15	5.5255	97.6773	0.367381	0.017347	0.053972	0.014379	26.5235	71.1538	0.330442	6.97	1.97	91.06	4.58	4004	4236
0.5	DirectThreshold	mras	mn=0.08,ms=0.00	33.4629	86.988	0.331874	0.140284	0.291087	0.183364	45.2547	41.7333	0.381339	4.67	63.04	32.29	17.8	4004	4236
0.5	DirectThreshold	pareto	mn=0.00,ms=0.00	34.4594	85.015	0.323322	0.114433	0.292956	0.176184	45.2298	39.7852	0.387782	10.39	57.32	32.29	17.35	4004	4236
0.5	DirectThreshold	trmr	mn=0.00,ms=0.00	34.4594	85.015	0.323322	0.114433	0.292956	0.176184	45.2298	39.7852	0.387782	10.39	57.32	32.29	17.35	4004	4236
0.5	EnergyPenalty	binary	lu=20.0	39.629	82.7922	0.314832	0.132922	0.328097	0.206711	49.6753	33.1169	0.397725	10.61	67.73	21.65	12.91	4004	4236
0.5	EnergyPenalty	ewq	lu=20.0	39.629	82.7922	0.314832	0.132922	0.328097	0.206711	49.6753	33.1169	0.397725	10.61	67.73	21.65	12.91	4004	4236
0.5	EnergyPenalty	mras	lu=10.0	42.8837	81.2438	0.310017	0.14193	0.348403	0.225433	52.3477	28.8961	0.403562	10.84	74.18	14.99	11.4	4004	4236
0.5	EnergyPenalty	pareto	lu=5.0	50.1655	75.1249	0.294834	0.123053	0.376868	0.254681	54.6204	20.5045	0.420469	11.71	88.09	0.2	2.43	4004	4236
0.5	EnergyPenalty	trmr	lu=5.0	50.1655	75.1249	0.294834	0.123053	0.376868	0.254681	54.6204	20.5045	0.420469	11.71	88.09	0.2	2.43	4004	4236
